Actual,Churn Probability,Prediction
Stayed,0.017114945927574687,Likely to stay
Stayed,0.5961317934506616,Likely to churn
Stayed,0.004764324328653321,Likely to stay
Churned,0.20004408222448133,Likely to stay
Stayed,0.10022205484522077,Likely to stay
Churned,0.47002929995576187,Likely to stay
Stayed,0.026611323706989265,Likely to stay
Stayed,0.16414897692840874,Likely to stay
Churned,0.6861413577573993,Likely to churn
Stayed,0.015180161610844642,Likely to stay
Stayed,0.7059185781925231,Likely to churn
Stayed,0.145971842706125,Likely to stay
Stayed,0.6581894652952307,Likely to churn
Stayed,0.06139817493898963,Likely to stay
Churned,0.20808340573352563,Likely to stay
Churned,0.7749214062555032,Likely to churn
Churned,0.6101613555937416,Likely to churn
Churned,0.5602292078989357,Likely to churn
Stayed,0.23004503210439858,Likely to stay
Stayed,0.0028173188552339493,Likely to stay
Stayed,0.0023034715304668476,Likely to stay
Stayed,0.4517865382186099,Likely to stay
Stayed,0.4195301405388004,Likely to stay
Churned,0.1710256582378624,Likely to stay
Stayed,0.23094219943981023,Likely to stay
Churned,0.4195140605700508,Likely to stay
Stayed,0.21532643034612534,Likely to stay
Stayed,0.011439725949940775,Likely to stay
Stayed,0.024468995103426747,Likely to stay
Churned,0.3115699441045757,Likely to stay
Stayed,0.06400846075741891,Likely to stay
Churned,0.6996713347254963,Likely to churn
Stayed,0.26043829460202217,Likely to stay
Stayed,0.021340127476259296,Likely to stay
Churned,0.6669241217644901,Likely to churn
Stayed,0.6147928856102163,Likely to churn
Stayed,0.15487166270603378,Likely to stay
Stayed,0.022903504620722537,Likely to stay
Churned,0.20453971458313047,Likely to stay
Stayed,0.26740755543915334,Likely to stay
Stayed,0.03528647573183118,Likely to stay
Stayed,0.0060568536911596044,Likely to stay
Stayed,0.06494532672313973,Likely to stay
Stayed,0.048009033514022297,Likely to stay
Stayed,0.004831680807247748,Likely to stay
Stayed,0.17035303635635343,Likely to stay
Stayed,0.033426788180480733,Likely to stay
Stayed,0.0778040014465376,Likely to stay
Stayed,0.008384240817602502,Likely to stay
Stayed,0.0794148755866697,Likely to stay
Stayed,0.37739156483452974,Likely to stay
Stayed,0.02283159879141781,Likely to stay
Stayed,0.3747464938073933,Likely to stay
Churned,0.6254873814022416,Likely to churn
Stayed,0.05294413904015882,Likely to stay
Stayed,0.03355411401213899,Likely to stay
Stayed,0.326347417833542,Likely to stay
Stayed,0.4712484254633944,Likely to stay
Stayed,0.004330402792997038,Likely to stay
Churned,0.7217985420860861,Likely to churn
Stayed,0.028514126546567847,Likely to stay
Stayed,0.09246160338289404,Likely to stay
Stayed,0.615250668348625,Likely to churn
Stayed,0.019272598681719506,Likely to stay
Stayed,0.00899267548388002,Likely to stay
Stayed,0.15145089420139296,Likely to stay
Stayed,0.005897560422363224,Likely to stay
Stayed,0.09999556283396875,Likely to stay
Stayed,0.001990464890910464,Likely to stay
Stayed,0.15314808262633434,Likely to stay
Stayed,0.00213042832547524,Likely to stay
Churned,0.6967406173755121,Likely to churn
Stayed,0.0088689421634498,Likely to stay
Churned,0.379557517890465,Likely to stay
Stayed,0.0032351258353582463,Likely to stay
Churned,0.5865277429741271,Likely to churn
Stayed,0.4661736152147136,Likely to stay
Stayed,0.03186777886922273,Likely to stay
Stayed,0.009681146012867825,Likely to stay
Stayed,0.1558795036799352,Likely to stay
Stayed,0.019791083191030012,Likely to stay
Stayed,0.055666172679202146,Likely to stay
Stayed,0.019692137207992007,Likely to stay
Churned,0.6681468379981405,Likely to churn
Stayed,0.023132666063980532,Likely to stay
Stayed,0.0014482002995557018,Likely to stay
Stayed,0.3366671199063371,Likely to stay
Churned,0.17170470202845953,Likely to stay
Stayed,0.6978147941001613,Likely to churn
Stayed,0.4232154926976013,Likely to stay
Stayed,0.0724517992204684,Likely to stay
Churned,0.7065719767392572,Likely to churn
Stayed,0.032878252733443684,Likely to stay
Stayed,0.3551027427748134,Likely to stay
Stayed,0.02652994627946886,Likely to stay
Stayed,0.0893486157837524,Likely to stay
Stayed,0.010154069781629875,Likely to stay
Stayed,0.3996541217293196,Likely to stay
Stayed,0.41437123371220314,Likely to stay
Stayed,0.05334205544231488,Likely to stay
Stayed,0.48572718543658994,Likely to stay
Stayed,0.44537819124185424,Likely to stay
Stayed,0.21884179523684466,Likely to stay
Stayed,0.27304439304177314,Likely to stay
Churned,0.04908325714032021,Likely to stay
Stayed,0.4134476918223493,Likely to stay
Churned,0.5984098997139635,Likely to churn
Stayed,0.554532547264936,Likely to churn
Stayed,0.6958302015685246,Likely to churn
Churned,0.5556354881244623,Likely to churn
Stayed,0.2622496412518172,Likely to stay
Stayed,0.4836588589468672,Likely to stay
Stayed,0.007099043203965878,Likely to stay
Stayed,0.02578444665805218,Likely to stay
Stayed,0.03369406144473099,Likely to stay
Churned,0.7807076634663497,Likely to churn
Stayed,0.4539956310201945,Likely to stay
Stayed,0.002510691787164357,Likely to stay
Stayed,0.018371182708552876,Likely to stay
Churned,0.44234159625353375,Likely to stay
Stayed,0.02845599822755055,Likely to stay
Stayed,0.026675306243196265,Likely to stay
Stayed,0.0900051902433834,Likely to stay
Churned,0.1780366000961706,Likely to stay
Churned,0.517289097185855,Likely to churn
Stayed,0.31930763895649805,Likely to stay
Churned,0.7706949410715911,Likely to churn
Stayed,0.006366901971442148,Likely to stay
Stayed,0.0034056064645056577,Likely to stay
Stayed,0.045389883416540634,Likely to stay
Stayed,0.012074154272148745,Likely to stay
Churned,0.6678907872983351,Likely to churn
Stayed,0.006228681397499393,Likely to stay
Churned,0.4583967726473269,Likely to stay
Stayed,0.013447269781390584,Likely to stay
Stayed,0.05776798223259628,Likely to stay
Churned,0.6885182980842641,Likely to churn
Stayed,0.7346556476107413,Likely to churn
Stayed,0.3276051694062413,Likely to stay
Stayed,0.16923847896600405,Likely to stay
Stayed,0.0026375169791693193,Likely to stay
Stayed,0.09725678004816193,Likely to stay
Stayed,0.2977556445193405,Likely to stay
Stayed,0.01233956845812374,Likely to stay
Churned,0.29251367967906183,Likely to stay
Stayed,0.5365765827936,Likely to churn
Stayed,0.05455424875248889,Likely to stay
Stayed,0.6937194634939244,Likely to churn
Stayed,0.007383822922724549,Likely to stay
Stayed,0.1381383762629537,Likely to stay
Stayed,0.013531385750121291,Likely to stay
Churned,0.2508570952847056,Likely to stay
Stayed,0.3276831570160052,Likely to stay
Stayed,0.010300346342488192,Likely to stay
Churned,0.5560474873062636,Likely to churn
Stayed,0.034428059692945906,Likely to stay
Churned,0.6317064895694581,Likely to churn
Stayed,0.015694776465902067,Likely to stay
Stayed,0.018990567695235612,Likely to stay
Stayed,0.07021540098244948,Likely to stay
Stayed,0.45131822088514395,Likely to stay
Stayed,0.013080212945411432,Likely to stay
Stayed,0.0260867755138091,Likely to stay
Churned,0.28392429872621,Likely to stay
Stayed,0.10939337464426548,Likely to stay
Stayed,0.2326006346980337,Likely to stay
Stayed,0.28582923602423993,Likely to stay
Stayed,0.005070564837741652,Likely to stay
Stayed,0.09210588988582216,Likely to stay
Stayed,0.03840915153764569,Likely to stay
Stayed,0.18637285470020626,Likely to stay
Stayed,0.012594889886467722,Likely to stay
Stayed,0.5631386652732528,Likely to churn
Stayed,0.07014329650442812,Likely to stay
Stayed,0.4627780231330618,Likely to stay
Churned,0.6634479851920975,Likely to churn
Stayed,0.18934264035209394,Likely to stay
Churned,0.6791149314364574,Likely to churn
Stayed,0.054979293128571124,Likely to stay
Stayed,0.005310264031430883,Likely to stay
Stayed,0.007778745644554814,Likely to stay
Churned,0.4559381039872666,Likely to stay
Churned,0.39527539163566633,Likely to stay
Churned,0.4720931385432343,Likely to stay
Stayed,0.0026450278074507927,Likely to stay
Churned,0.6325121215270515,Likely to churn
Churned,0.6726909016168983,Likely to churn
Stayed,0.004768468533230346,Likely to stay
Stayed,0.03941090917286325,Likely to stay
Stayed,0.4914423305088262,Likely to stay
Stayed,0.18415625482278558,Likely to stay
Stayed,0.02002135311325216,Likely to stay
Stayed,0.022383193847534948,Likely to stay
Stayed,0.5671796586758368,Likely to churn
Churned,0.7338225671194599,Likely to churn
Stayed,0.5378385211059146,Likely to churn
Stayed,0.11312262782752712,Likely to stay
Stayed,0.026850918351756556,Likely to stay
Stayed,0.01750561580497535,Likely to stay
Churned,0.5301935940942369,Likely to churn
Stayed,0.017007253653113265,Likely to stay
Stayed,0.24122418101304757,Likely to stay
Stayed,0.13302858165041653,Likely to stay
Stayed,0.0898049426217833,Likely to stay
Stayed,0.48706154179192557,Likely to stay
Stayed,0.6698000796656618,Likely to churn
Stayed,0.3601166460046178,Likely to stay
Churned,0.3474083672751204,Likely to stay
Churned,0.5050558435667487,Likely to churn
Stayed,0.1902535183841782,Likely to stay
Churned,0.6426197030064945,Likely to churn
Stayed,0.8462124101432045,Likely to churn
Churned,0.3943720809357627,Likely to stay
Stayed,0.435735514130362,Likely to stay
Churned,0.7004229143083832,Likely to churn
Stayed,0.3290498904864027,Likely to stay
Stayed,0.0322876952046924,Likely to stay
Stayed,0.28341098433727197,Likely to stay
Churned,0.5317761461528583,Likely to churn
Stayed,0.03990327288168522,Likely to stay
Stayed,0.2854654994925777,Likely to stay
Churned,0.5880212914458718,Likely to churn
Churned,0.6146387633573043,Likely to churn
Stayed,0.19473795826388945,Likely to stay
Stayed,0.03141586490990856,Likely to stay
Stayed,0.30498650513518505,Likely to stay
Stayed,0.43507453896646464,Likely to stay
Churned,0.30517081138715096,Likely to stay
Stayed,0.2371508753648995,Likely to stay
Stayed,0.20843988883888953,Likely to stay
Churned,0.21006168606924816,Likely to stay
Stayed,0.03125886006007288,Likely to stay
Stayed,0.0244102032687424,Likely to stay
Stayed,0.545994969371939,Likely to churn
Stayed,0.45579352443163174,Likely to stay
Stayed,0.01241171773752308,Likely to stay
Stayed,0.010027309525649276,Likely to stay
Stayed,0.014318889662205242,Likely to stay
Stayed,0.016893362861515982,Likely to stay
Stayed,0.006006183968390553,Likely to stay
Stayed,0.04081326700906818,Likely to stay
Churned,0.23934743094895158,Likely to stay
Stayed,0.3341495845320266,Likely to stay
Churned,0.3040328996721931,Likely to stay
Stayed,0.01310172492436616,Likely to stay
Stayed,0.027588100898020697,Likely to stay
Stayed,0.001965395744404061,Likely to stay
Churned,0.4181286326678273,Likely to stay
Churned,0.6670090526642845,Likely to churn
Stayed,0.20701958372359444,Likely to stay
Stayed,0.028518478437695352,Likely to stay
Stayed,0.16225109222902842,Likely to stay
Stayed,0.5198559608685611,Likely to churn
Stayed,0.010022365616936814,Likely to stay
Stayed,0.039309360753016616,Likely to stay
Churned,0.6569739250206624,Likely to churn
Stayed,0.0033898432895094637,Likely to stay
Churned,0.28824777332648294,Likely to stay
Stayed,0.30397444468939844,Likely to stay
Churned,0.7360613086838278,Likely to churn
Stayed,0.002575518414549515,Likely to stay
Churned,0.7077727250485576,Likely to churn
Churned,0.44729101720496894,Likely to stay
Stayed,0.15882155468848871,Likely to stay
Stayed,0.013896524629379979,Likely to stay
Churned,0.506439834600044,Likely to churn
Stayed,0.38285393528646255,Likely to stay
Stayed,0.05830561236862768,Likely to stay
Churned,0.3833059588677936,Likely to stay
Stayed,0.3832859308030974,Likely to stay
Stayed,0.6551062652656766,Likely to churn
Stayed,0.4534230256879813,Likely to stay
Stayed,0.014310566414462154,Likely to stay
Churned,0.2898570489245057,Likely to stay
Stayed,0.0473839596180363,Likely to stay
Churned,0.35260771025149995,Likely to stay
Churned,0.7471209486496436,Likely to churn
Stayed,0.032777087682046756,Likely to stay
Stayed,0.027289593208043642,Likely to stay
Stayed,0.20170203551701593,Likely to stay
Churned,0.14148141439893838,Likely to stay
Churned,0.5910865195670766,Likely to churn
Stayed,0.12480316782240425,Likely to stay
Stayed,0.048522274782399094,Likely to stay
Churned,0.30209295714272405,Likely to stay
Stayed,0.1454482172588212,Likely to stay
Churned,0.4954660587578284,Likely to stay
Stayed,0.03730781545242241,Likely to stay
Stayed,0.037138143334264316,Likely to stay
Stayed,0.2447613302047309,Likely to stay
Stayed,0.2381340799297806,Likely to stay
Stayed,0.0686281053928834,Likely to stay
Stayed,0.23286889138051767,Likely to stay
Churned,0.05311191381494066,Likely to stay
Churned,0.36552008650683315,Likely to stay
Stayed,0.08448526924289267,Likely to stay
Stayed,0.01242476597493286,Likely to stay
Stayed,0.34192022312411985,Likely to stay
Stayed,0.016633698649805042,Likely to stay
Stayed,0.03278816998867622,Likely to stay
Churned,0.09851163315927373,Likely to stay
Stayed,0.37547808828347645,Likely to stay
Stayed,0.007022301536127521,Likely to stay
Stayed,0.164506935416433,Likely to stay
Churned,0.697016630268819,Likely to churn
Stayed,0.3981557814756276,Likely to stay
Stayed,0.014739073932361988,Likely to stay
Churned,0.42458693084718313,Likely to stay
Stayed,0.016210124635291003,Likely to stay
Stayed,0.007372914336711051,Likely to stay
Churned,0.5616998522927862,Likely to churn
Stayed,0.2863931759055473,Likely to stay
Stayed,0.3246663638957295,Likely to stay
Stayed,0.011267069220632954,Likely to stay
Stayed,0.002577239795945295,Likely to stay
Churned,0.03872432389367686,Likely to stay
Stayed,0.1688665891345575,Likely to stay
Stayed,0.2642557649262548,Likely to stay
Stayed,0.15107874818035383,Likely to stay
Stayed,0.009614462037838074,Likely to stay
Stayed,0.025231944219587674,Likely to stay
Stayed,0.05678694110297493,Likely to stay
Stayed,0.28969272493434706,Likely to stay
Stayed,0.47081478527881365,Likely to stay
Churned,0.6648770903493637,Likely to churn
Stayed,0.5918742864896147,Likely to churn
Stayed,0.08052048357435974,Likely to stay
Stayed,0.0085987680191263,Likely to stay
Stayed,0.07978822558522017,Likely to stay
Stayed,0.6702107736939944,Likely to churn
Stayed,0.33595731709864557,Likely to stay
Stayed,0.289182000914103,Likely to stay
Stayed,0.03000731917980297,Likely to stay
Stayed,0.6687055959968841,Likely to churn
Churned,0.6849981111960878,Likely to churn
Churned,0.3429423824181659,Likely to stay
Stayed,0.006341819584822297,Likely to stay
Stayed,0.03981324764048353,Likely to stay
Churned,0.0971462301382292,Likely to stay
Stayed,0.2120368182491334,Likely to stay
Stayed,0.29890787226009924,Likely to stay
Stayed,0.7359869348241538,Likely to churn
Stayed,0.23377832589893074,Likely to stay
Stayed,0.14852927517609205,Likely to stay
Stayed,0.27194305533692126,Likely to stay
Stayed,0.6129785301383903,Likely to churn
Churned,0.7892867336950977,Likely to churn
Stayed,0.44642931203525016,Likely to stay
Stayed,0.00653679807685758,Likely to stay
Churned,0.5653169434445079,Likely to churn
Stayed,0.49321263945301363,Likely to stay
Stayed,0.04249968024867964,Likely to stay
Stayed,0.01157542167828485,Likely to stay
Churned,0.735238906717309,Likely to churn
Churned,0.5787707470929205,Likely to churn
Stayed,0.053279340448293536,Likely to stay
Stayed,0.6084993599806537,Likely to churn
Churned,0.7367181732289808,Likely to churn
Stayed,0.032950651775288484,Likely to stay
Stayed,0.008442023068426759,Likely to stay
Stayed,0.664586750803805,Likely to churn
Stayed,0.5726468214271495,Likely to churn
Stayed,0.20210555073565314,Likely to stay
Stayed,0.39445819231297274,Likely to stay
Churned,0.712602882534687,Likely to churn
Stayed,0.05183890521956386,Likely to stay
Churned,0.24301765400673295,Likely to stay
Stayed,0.03235383382097651,Likely to stay
Churned,0.15862919109635917,Likely to stay
Churned,0.7402670000402042,Likely to churn
Stayed,0.18695835428317437,Likely to stay
Stayed,0.21326281134510502,Likely to stay
Stayed,0.015414483539099699,Likely to stay
Churned,0.49755462169197656,Likely to stay
Churned,0.5723853225779032,Likely to churn
Stayed,0.016679038799244754,Likely to stay
Stayed,0.7457291727497537,Likely to churn
Stayed,0.016810339026134293,Likely to stay
Stayed,0.28414082081727815,Likely to stay
Stayed,0.15992908163845365,Likely to stay
Churned,0.7033981649454254,Likely to churn
Stayed,0.0925745104897927,Likely to stay
Stayed,0.12950240386934903,Likely to stay
Churned,0.3787947573948951,Likely to stay
Stayed,0.6144890655205091,Likely to churn
Stayed,0.3979994335643869,Likely to stay
Churned,0.5257252730151354,Likely to churn
Stayed,0.06278944076247554,Likely to stay
Stayed,0.38955961884370216,Likely to stay
Stayed,0.037267523987807485,Likely to stay
Stayed,0.47314036478034593,Likely to stay
Churned,0.4756477107464607,Likely to stay
Churned,0.24700337110908727,Likely to stay
Stayed,0.5781159597486603,Likely to churn
Stayed,0.7906765982292301,Likely to churn
Churned,0.604608529291928,Likely to churn
Churned,0.6355749494773212,Likely to churn
Churned,0.734927957705717,Likely to churn
Stayed,0.7387644971250031,Likely to churn
Stayed,0.005257062926630237,Likely to stay
Stayed,0.00414661936357238,Likely to stay
Stayed,0.3238968474809971,Likely to stay
Stayed,0.7187600798240871,Likely to churn
Stayed,0.5958357489897309,Likely to churn
Stayed,0.25864170495426725,Likely to stay
Stayed,0.42597543823609996,Likely to stay
Stayed,0.27249617172832324,Likely to stay
Stayed,0.7407392500260165,Likely to churn
Stayed,0.027459225281406312,Likely to stay
Stayed,0.35675257812594097,Likely to stay
Stayed,0.14136319651954835,Likely to stay
Churned,0.7299219488194644,Likely to churn
Churned,0.3904627640729099,Likely to stay
Stayed,0.4402503208266966,Likely to stay
Stayed,0.7686842662725801,Likely to churn
Churned,0.5976882979891045,Likely to churn
Stayed,0.08590133754048876,Likely to stay
Stayed,0.541244201246987,Likely to churn
Stayed,0.06421238487200294,Likely to stay
Churned,0.4705163937977534,Likely to stay
Churned,0.10552941500173124,Likely to stay
Stayed,0.016207236906077904,Likely to stay
Stayed,0.14559253957747967,Likely to stay
Churned,0.432368069327382,Likely to stay
Stayed,0.04767788517692945,Likely to stay
Stayed,0.0048257720839175455,Likely to stay
Stayed,0.038788634241901626,Likely to stay
Churned,0.26287287146549243,Likely to stay
Stayed,0.031447415645608684,Likely to stay
Stayed,0.0023668752745745823,Likely to stay
Churned,0.5834749387566182,Likely to churn
Stayed,0.07518270968493103,Likely to stay
Stayed,0.046996477234006385,Likely to stay
Stayed,0.6243106777734578,Likely to churn
Stayed,0.48414526997307883,Likely to stay
Stayed,0.04697130564067691,Likely to stay
Churned,0.714245805484383,Likely to churn
Churned,0.7673184979771223,Likely to churn
Stayed,0.13426880157314763,Likely to stay
Churned,0.7843621952141897,Likely to churn
Churned,0.3682229814472838,Likely to stay
Stayed,0.016133113815487654,Likely to stay
Churned,0.33653120869903375,Likely to stay
Stayed,0.01623184908803501,Likely to stay
Stayed,0.17551697118579349,Likely to stay
Stayed,0.40882716503893335,Likely to stay
Stayed,0.692264599784804,Likely to churn
Stayed,0.00665002500632022,Likely to stay
Stayed,0.009344281578298858,Likely to stay
Churned,0.5104820261069771,Likely to churn
Churned,0.084834367967238,Likely to stay
Stayed,0.013970373105606138,Likely to stay
Churned,0.45866836287253826,Likely to stay
Stayed,0.01669977617713628,Likely to stay
Churned,0.5664824788582695,Likely to churn
Stayed,0.14172987880057603,Likely to stay
Churned,0.5675233604587773,Likely to churn
Stayed,0.27530070264131135,Likely to stay
Stayed,0.4693853713084396,Likely to stay
Stayed,0.0810750400330468,Likely to stay
Stayed,0.0020045453399444007,Likely to stay
Stayed,0.034224168724903956,Likely to stay
Stayed,0.004331159336670886,Likely to stay
Stayed,0.04648579425296034,Likely to stay
Churned,0.7659918301627129,Likely to churn
Churned,0.5318701180002736,Likely to churn
Stayed,0.4022378759333882,Likely to stay
Churned,0.5724621843951228,Likely to churn
Churned,0.7598129409529305,Likely to churn
Churned,0.7050007228092643,Likely to churn
Stayed,0.21232459896875333,Likely to stay
Churned,0.5603117249230569,Likely to churn
Churned,0.11911326529897198,Likely to stay
Churned,0.41805754508993437,Likely to stay
Churned,0.2116045569133166,Likely to stay
Churned,0.7049857232978421,Likely to churn
Stayed,0.0046751060785821166,Likely to stay
Stayed,0.01699828326000237,Likely to stay
Stayed,0.06950298358115072,Likely to stay
Churned,0.26384519896070674,Likely to stay
Stayed,0.18594546363653586,Likely to stay
Stayed,0.09680246181735448,Likely to stay
Stayed,0.03006330149947221,Likely to stay
Stayed,0.004932624702295823,Likely to stay
Stayed,0.007918559342022237,Likely to stay
Stayed,0.07987105946496842,Likely to stay
Stayed,0.004159307494144558,Likely to stay
Churned,0.17205936744887557,Likely to stay
Churned,0.13043178597817198,Likely to stay
Stayed,0.3414780124120353,Likely to stay
Churned,0.7342782705726042,Likely to churn
Stayed,0.5248007156181165,Likely to churn
Stayed,0.14081925203009935,Likely to stay
Churned,0.5217993116573395,Likely to churn
Stayed,0.002105984899346368,Likely to stay
Stayed,0.17369634407017184,Likely to stay
Stayed,0.016208060699451927,Likely to stay
Churned,0.7213449707996659,Likely to churn
Churned,0.6159100796592883,Likely to churn
Stayed,0.21897651080881533,Likely to stay
Churned,0.26532204203508614,Likely to stay
Stayed,0.010283573172128514,Likely to stay
Stayed,0.6456642257911592,Likely to churn
Churned,0.728756378229063,Likely to churn
Churned,0.6514688789385599,Likely to churn
Stayed,0.3217272994658662,Likely to stay
Stayed,0.13577557349440253,Likely to stay
Stayed,0.24653867448146652,Likely to stay
Stayed,0.1479033404576944,Likely to stay
Stayed,0.21355726145926582,Likely to stay
Churned,0.6171025313410083,Likely to churn
Stayed,0.16342104833045212,Likely to stay
Stayed,0.009082163066345668,Likely to stay
Stayed,0.05965212677332817,Likely to stay
Stayed,0.03064394069615941,Likely to stay
Stayed,0.4849128931977354,Likely to stay
Stayed,0.4616887126332209,Likely to stay
Stayed,0.003795355516564976,Likely to stay
Churned,0.19563524098521048,Likely to stay
Churned,0.552203295889427,Likely to churn
Stayed,0.04407151615547116,Likely to stay
Stayed,0.05571756012778078,Likely to stay
Stayed,0.3520165844085587,Likely to stay
Churned,0.10143727273295493,Likely to stay
Churned,0.51150962077944,Likely to churn
Stayed,0.06853132827265328,Likely to stay
Stayed,0.6855231339510942,Likely to churn
Churned,0.5887503661906448,Likely to churn
Stayed,0.03727368055137961,Likely to stay
Churned,0.659202533742711,Likely to churn
Stayed,0.1278187453956242,Likely to stay
Churned,0.258554863794327,Likely to stay
Churned,0.20929625523294734,Likely to stay
Stayed,0.013580370883796773,Likely to stay
Stayed,0.06628403607986291,Likely to stay
Churned,0.5850824615353402,Likely to churn
Stayed,0.31223763935953014,Likely to stay
Stayed,0.002665681768144759,Likely to stay
Churned,0.6536603603371332,Likely to churn
Churned,0.6428270401238162,Likely to churn
Stayed,0.25187346026551566,Likely to stay
Stayed,0.4061876642523169,Likely to stay
Stayed,0.005618440841129014,Likely to stay
Stayed,0.21087111311977286,Likely to stay
Stayed,0.26887265198659765,Likely to stay
Stayed,0.07727757114309915,Likely to stay
Stayed,0.38828918367086307,Likely to stay
Churned,0.6387288905098404,Likely to churn
Stayed,0.011870711642684524,Likely to stay
Stayed,0.2847510334205179,Likely to stay
Stayed,0.7270737655573127,Likely to churn
Churned,0.6033669026711316,Likely to churn
Churned,0.5944199320536655,Likely to churn
Churned,0.6272509575095108,Likely to churn
Stayed,0.49478094980779075,Likely to stay
Churned,0.10170428040401572,Likely to stay
Stayed,0.03457298662350661,Likely to stay
Stayed,0.012222229592437314,Likely to stay
Stayed,0.5338094248694594,Likely to churn
Stayed,0.03034403833729218,Likely to stay
Stayed,0.06856079446748013,Likely to stay
Stayed,0.0026776509998100453,Likely to stay
Stayed,0.18800165940400293,Likely to stay
Stayed,0.023063719377383645,Likely to stay
Stayed,0.05600907800086716,Likely to stay
Stayed,0.04592155689406859,Likely to stay
Churned,0.4607621578579413,Likely to stay
Stayed,0.22347003752635428,Likely to stay
Stayed,0.05699590834641458,Likely to stay
Churned,0.7120787014289456,Likely to churn
Stayed,0.08520346991442788,Likely to stay
Churned,0.06377967478524538,Likely to stay
Stayed,0.0039993193414468425,Likely to stay
Stayed,0.26901123241820485,Likely to stay
Churned,0.4179718064123412,Likely to stay
Stayed,0.16774988476844133,Likely to stay
Stayed,0.4951731781308718,Likely to stay
Stayed,0.30258912649378716,Likely to stay
Stayed,0.5580041071562146,Likely to churn
Stayed,0.22007457690647728,Likely to stay
Stayed,0.0977746351472692,Likely to stay
Stayed,0.6452518770477319,Likely to churn
Stayed,0.01559476370829167,Likely to stay
Stayed,0.11335986420318031,Likely to stay
Churned,0.20843988883888953,Likely to stay
Stayed,0.13747667401656907,Likely to stay
Churned,0.7535382493896396,Likely to churn
Stayed,0.6697848715713012,Likely to churn
Stayed,0.17883899325132754,Likely to stay
Stayed,0.05424404052024006,Likely to stay
Stayed,0.30479594351323097,Likely to stay
Churned,0.828195991079933,Likely to churn
Stayed,0.029884103820118683,Likely to stay
Churned,0.3142354648035178,Likely to stay
Stayed,0.3715736113551729,Likely to stay
Churned,0.5249536349947843,Likely to churn
Churned,0.6257672770775893,Likely to churn
Stayed,0.5681172782324933,Likely to churn
Stayed,0.004486415459666681,Likely to stay
Stayed,0.525154224609434,Likely to churn
Stayed,0.1197234758749236,Likely to stay
Churned,0.1336238675582096,Likely to stay
Stayed,0.2890355212511156,Likely to stay
Stayed,0.2639629135938112,Likely to stay
Stayed,0.1401717736309895,Likely to stay
Stayed,0.29246979298455716,Likely to stay
Stayed,0.533082154381756,Likely to churn
Stayed,0.02096230149567521,Likely to stay
Stayed,0.2743340086032755,Likely to stay
Stayed,0.17388593441843975,Likely to stay
Churned,0.6340998192360413,Likely to churn
Churned,0.47830337094033587,Likely to stay
Churned,0.5523990280678643,Likely to churn
Stayed,0.09177351873286424,Likely to stay
Churned,0.6830171977255627,Likely to churn
Churned,0.7774669111194957,Likely to churn
Stayed,0.7360817269149423,Likely to churn
Stayed,0.4392564079765477,Likely to stay
Stayed,0.015422017779318295,Likely to stay
Stayed,0.31946564146167333,Likely to stay
Stayed,0.4188438228066893,Likely to stay
Stayed,0.6707556421382074,Likely to churn
Churned,0.37301414845866326,Likely to stay
Stayed,0.4398154793647294,Likely to stay
Stayed,0.07700597803258988,Likely to stay
Stayed,0.40170891561252575,Likely to stay
Stayed,0.32552218270409267,Likely to stay
Stayed,0.020152759539633743,Likely to stay
Stayed,0.10120211819465143,Likely to stay
Stayed,0.15026026181495702,Likely to stay
Stayed,0.038989302880744724,Likely to stay
Stayed,0.07340757088773794,Likely to stay
Churned,0.3630677028224084,Likely to stay
Stayed,0.4354291162750584,Likely to stay
Stayed,0.38854287676006133,Likely to stay
Churned,0.6075398813149873,Likely to churn
Churned,0.44122085343200507,Likely to stay
Churned,0.4614250144507693,Likely to stay
Stayed,0.007827729283262072,Likely to stay
Stayed,0.5854272079841137,Likely to churn
Stayed,0.10083926985100626,Likely to stay
Stayed,0.22318419095052472,Likely to stay
Churned,0.08314975602779268,Likely to stay
Stayed,0.34784397438943726,Likely to stay
Stayed,0.0031689931372420165,Likely to stay
Stayed,0.05909536991636609,Likely to stay
Stayed,0.4888194921648231,Likely to stay
Stayed,0.12686463156346506,Likely to stay
Stayed,0.55904571294271,Likely to churn
Churned,0.6577428482391017,Likely to churn
Churned,0.779310890622243,Likely to churn
Churned,0.5553426080095293,Likely to churn
Stayed,0.529508267733986,Likely to churn
Stayed,0.0015359688651277765,Likely to stay
Stayed,0.10532199531127656,Likely to stay
Stayed,0.007428672600415546,Likely to stay
Stayed,0.10326581474065943,Likely to stay
Stayed,0.05767594800527263,Likely to stay
Stayed,0.3957109633920951,Likely to stay
Stayed,0.06121920180328525,Likely to stay
Stayed,0.028157420960616283,Likely to stay
Stayed,0.012861680897552227,Likely to stay
Stayed,0.0027275790097564287,Likely to stay
Stayed,0.14786147502409414,Likely to stay
Churned,0.4440876493785342,Likely to stay
Stayed,0.07163595353443783,Likely to stay
Stayed,0.49366039443013593,Likely to stay
Churned,0.7235229286906878,Likely to churn
Stayed,0.014852576745164105,Likely to stay
Churned,0.6260821716056009,Likely to churn
Stayed,0.6922944262114071,Likely to churn
Stayed,0.06230236015317391,Likely to stay
Stayed,0.07898938562319319,Likely to stay
Stayed,0.00924029317896188,Likely to stay
Stayed,0.5879179097391999,Likely to churn
Stayed,0.12234462397819904,Likely to stay
Stayed,0.5242325171027731,Likely to churn
Stayed,0.48814566268499604,Likely to stay
Stayed,0.18029315006214572,Likely to stay
Stayed,0.07285341196211383,Likely to stay
Stayed,0.1747764754275268,Likely to stay
Stayed,0.007175899970681808,Likely to stay
Stayed,0.7954704334759138,Likely to churn
Churned,0.7385934748513476,Likely to churn
Churned,0.31813726982971174,Likely to stay
Stayed,0.43187947476403105,Likely to stay
Stayed,0.11924865290353773,Likely to stay
Stayed,0.0021733488364164906,Likely to stay
Stayed,0.0038695798449213154,Likely to stay
Churned,0.01020219809028095,Likely to stay
Churned,0.14818728228406608,Likely to stay
Stayed,0.34422021608121195,Likely to stay
Stayed,0.05258055064148896,Likely to stay
Stayed,0.007172579896495545,Likely to stay
Stayed,0.059351697206425295,Likely to stay
Churned,0.5950681799051174,Likely to churn
Stayed,0.32686971231505424,Likely to stay
Stayed,0.013698940908872982,Likely to stay
Churned,0.49329481305390976,Likely to stay
Churned,0.7272603327173749,Likely to churn
Stayed,0.1389292950354078,Likely to stay
Stayed,0.03039510736413817,Likely to stay
Stayed,0.04641675743577612,Likely to stay
Churned,0.6978147941001613,Likely to churn
Stayed,0.06234141581733533,Likely to stay
Stayed,0.1974275391368693,Likely to stay
Stayed,0.2617081899750115,Likely to stay
Stayed,0.11170124256413222,Likely to stay
Stayed,0.04155263570210252,Likely to stay
Stayed,0.30416687358415245,Likely to stay
Churned,0.7216863432915183,Likely to churn
Churned,0.25545316077751495,Likely to stay
Stayed,0.3572356357264343,Likely to stay
Stayed,0.5795853032391772,Likely to churn
Stayed,0.06192898231122714,Likely to stay
Churned,0.7737105379914707,Likely to churn
Stayed,0.42411282146802953,Likely to stay
Stayed,0.7802615831581698,Likely to churn
Stayed,0.17422702342392235,Likely to stay
Stayed,0.36322396185610173,Likely to stay
Churned,0.49614290083540646,Likely to stay
Stayed,0.036958421227035285,Likely to stay
Stayed,0.2674645839602247,Likely to stay
Stayed,0.5415752149546718,Likely to churn
Stayed,0.6149084182572805,Likely to churn
Churned,0.16432768308674697,Likely to stay
Stayed,0.4654969627196124,Likely to stay
Churned,0.2939526283930084,Likely to stay
Stayed,0.6949427181810096,Likely to churn
Stayed,0.3816514481861851,Likely to stay
Stayed,0.1419228772881236,Likely to stay
Stayed,0.5042714997202882,Likely to churn
Churned,0.5554426301714334,Likely to churn
Stayed,0.25805393773140983,Likely to stay
Stayed,0.3813814255924971,Likely to stay
Stayed,0.20974886536219922,Likely to stay
Stayed,0.47285188326713784,Likely to stay
Stayed,0.02517390875692442,Likely to stay
Stayed,0.045970754474663235,Likely to stay
Stayed,0.32437811262121147,Likely to stay
Stayed,0.002318720936055426,Likely to stay
Churned,0.6679600415197345,Likely to churn
Stayed,0.22336026504220408,Likely to stay
Churned,0.02454914966324169,Likely to stay
Stayed,0.10325836511349998,Likely to stay
Stayed,0.0036972144503393104,Likely to stay
Churned,0.5556732639732297,Likely to churn
Stayed,0.2587177414616912,Likely to stay
Stayed,0.040467683684316594,Likely to stay
Stayed,0.28662538796838294,Likely to stay
Stayed,0.022095704204778018,Likely to stay
Stayed,0.2046340485070206,Likely to stay
Stayed,0.6623808259202476,Likely to churn
Stayed,0.0377994229147336,Likely to stay
Stayed,0.0035878153473219688,Likely to stay
Stayed,0.25465311885297715,Likely to stay
Stayed,0.14931528772477246,Likely to stay
Stayed,0.6757039947904896,Likely to churn
Stayed,0.013701585948866503,Likely to stay
Stayed,0.195129609924804,Likely to stay
Churned,0.6510058275883639,Likely to churn
Churned,0.4653314222715375,Likely to stay
Stayed,0.47262370004082677,Likely to stay
Churned,0.17403829444311392,Likely to stay
Stayed,0.16264812853476943,Likely to stay
Churned,0.2585893774006829,Likely to stay
Stayed,0.09837775778784508,Likely to stay
Stayed,0.24671386514922755,Likely to stay
Stayed,0.11122744026515345,Likely to stay
Stayed,0.022406522905182125,Likely to stay
Stayed,0.6884319591583536,Likely to churn
Stayed,0.46136924005580243,Likely to stay
Stayed,0.2542484333300748,Likely to stay
Stayed,0.36769787175864294,Likely to stay
Stayed,0.013634379822222828,Likely to stay
Churned,0.7035240457712463,Likely to churn
Stayed,0.16381305518248226,Likely to stay
Stayed,0.004328026247866211,Likely to stay
Stayed,0.1770072138265042,Likely to stay
Stayed,0.006181607288223838,Likely to stay
Stayed,0.03534193073882862,Likely to stay
Stayed,0.3615908979619434,Likely to stay
Stayed,0.001643058081225443,Likely to stay
Stayed,0.02211432541800149,Likely to stay
Stayed,0.20591002386332555,Likely to stay
Stayed,0.0226457575003944,Likely to stay
Stayed,0.36072003333441865,Likely to stay
Stayed,0.08114056436281294,Likely to stay
Stayed,0.10791673277632631,Likely to stay
Churned,0.5049580328315303,Likely to churn
Stayed,0.03648931838426746,Likely to stay
Stayed,0.07635160616259352,Likely to stay
Churned,0.49861173011083476,Likely to stay
Churned,0.5540124315000565,Likely to churn
Churned,0.14553191816529992,Likely to stay
Stayed,0.07560171553022131,Likely to stay
Stayed,0.03129161429881295,Likely to stay
Stayed,0.0017648619251039426,Likely to stay
Stayed,0.3244337878228377,Likely to stay
Churned,0.5795238210324591,Likely to churn
Stayed,0.19752182979372276,Likely to stay
Churned,0.5402113384554017,Likely to churn
Stayed,0.16109190967013054,Likely to stay
Stayed,0.20901086242472253,Likely to stay
Stayed,0.17802019541307662,Likely to stay
Churned,0.7460097712495951,Likely to churn
Stayed,0.2292761222502846,Likely to stay
Stayed,0.06606111976807663,Likely to stay
Stayed,0.011274376711724451,Likely to stay
Churned,0.36767330449411195,Likely to stay
Churned,0.3324577726927757,Likely to stay
Stayed,0.19355968398898463,Likely to stay
Stayed,0.012181603762358433,Likely to stay
Stayed,0.01248270369256215,Likely to stay
Stayed,0.0409898458273748,Likely to stay
Stayed,0.010776848576293139,Likely to stay
Churned,0.6794380315665042,Likely to churn
Churned,0.15468301109336863,Likely to stay
Churned,0.6318423637715566,Likely to churn
Stayed,0.07455300343960673,Likely to stay
Stayed,0.2216221095523389,Likely to stay
Stayed,0.04392288323589212,Likely to stay
Stayed,0.011242222176568218,Likely to stay
Churned,0.12753416375370102,Likely to stay
Stayed,0.007338282996042751,Likely to stay
Churned,0.45080970353388033,Likely to stay
Stayed,0.008653527801569957,Likely to stay
Stayed,0.03847290982309888,Likely to stay
Stayed,0.06357633987187836,Likely to stay
Stayed,0.44511108814642,Likely to stay
Stayed,0.17069545426513236,Likely to stay
Churned,0.19676581620631237,Likely to stay
Stayed,0.45064312697965464,Likely to stay
Stayed,0.13087941866685548,Likely to stay
Stayed,0.19617508634482259,Likely to stay
Churned,0.7452574260771062,Likely to churn
Stayed,0.07369189309012203,Likely to stay
Churned,0.27740350633045846,Likely to stay
Stayed,0.23243799215257152,Likely to stay
Stayed,0.0016393438138816178,Likely to stay
Churned,0.2905026608592718,Likely to stay
Stayed,0.04254909103582935,Likely to stay
Stayed,0.3297017022688477,Likely to stay
Stayed,0.07317835092802044,Likely to stay
Stayed,0.3382564626578746,Likely to stay
Churned,0.10185715979073963,Likely to stay
Stayed,0.020400788986418682,Likely to stay
Stayed,0.026966300479588166,Likely to stay
Stayed,0.0794292006706494,Likely to stay
Churned,0.4865996233034489,Likely to stay
Stayed,0.004672666168746732,Likely to stay
Churned,0.5371271991488142,Likely to churn
Stayed,0.013549869142189773,Likely to stay
Stayed,0.7178084801521631,Likely to churn
Stayed,0.29037281445636076,Likely to stay
Stayed,0.17884543269369818,Likely to stay
Stayed,0.08550336538410463,Likely to stay
Stayed,0.6671018232745033,Likely to churn
Churned,0.2671791865934717,Likely to stay
Stayed,0.6422244877311845,Likely to churn
Stayed,0.1370961944353029,Likely to stay
Stayed,0.3052817456999934,Likely to stay
Churned,0.6868684413044455,Likely to churn
Churned,0.6718431094900055,Likely to churn
Stayed,0.029484182858891997,Likely to stay
Stayed,0.0014367848917725887,Likely to stay
Stayed,0.02344013919249997,Likely to stay
Stayed,0.02284819711768799,Likely to stay
Stayed,0.06291052986908888,Likely to stay
Stayed,0.6523924709339245,Likely to churn
Stayed,0.4762271983160517,Likely to stay
Churned,0.6605593510136905,Likely to churn
Stayed,0.004772855576085586,Likely to stay
Stayed,0.23081713682757138,Likely to stay
Stayed,0.01323110164452654,Likely to stay
Stayed,0.010347286850640954,Likely to stay
Stayed,0.045214748688611056,Likely to stay
Stayed,0.0055708969487984015,Likely to stay
Stayed,0.005723415915353932,Likely to stay
Stayed,0.02211337093235373,Likely to stay
Stayed,0.09086903300788685,Likely to stay
Stayed,0.041470058776567016,Likely to stay
Stayed,0.6898175393789783,Likely to churn
Stayed,0.03672633021471621,Likely to stay
Stayed,0.18938140877202042,Likely to stay
Churned,0.7221408974905772,Likely to churn
Churned,0.6989615891828915,Likely to churn
Churned,0.26735169605451237,Likely to stay
Churned,0.631949339983855,Likely to churn
Churned,0.41074118246464086,Likely to stay
Stayed,0.5282371842618735,Likely to churn
Stayed,0.2509611248784207,Likely to stay
Churned,0.6317216348553789,Likely to churn
Stayed,0.08394494826965274,Likely to stay
Stayed,0.21297481842627175,Likely to stay
Stayed,0.12815268575184066,Likely to stay
Churned,0.3158118310575932,Likely to stay
Stayed,0.15298653297107118,Likely to stay
Churned,0.1859192498379375,Likely to stay
Stayed,0.603870900807799,Likely to churn
Churned,0.6372421669782772,Likely to churn
Churned,0.09877350073245382,Likely to stay
Churned,0.8151468743093437,Likely to churn
Churned,0.2200240633845225,Likely to stay
Stayed,0.035661315832641836,Likely to stay
Stayed,0.2876928321499813,Likely to stay
Stayed,0.48269098658606496,Likely to stay
Stayed,0.2622844735919219,Likely to stay
Stayed,0.08401161027069828,Likely to stay
Stayed,0.006681435191769951,Likely to stay
Stayed,0.03660866094345386,Likely to stay
Stayed,0.013524306881011049,Likely to stay
Stayed,0.2934276171249139,Likely to stay
Stayed,0.06213023060449121,Likely to stay
Stayed,0.04301331093534026,Likely to stay
Stayed,0.17704068302450482,Likely to stay
Churned,0.4421075045418933,Likely to stay
Churned,0.4457061928074478,Likely to stay
Stayed,0.004165937508407045,Likely to stay
Stayed,0.17257426867199885,Likely to stay
Stayed,0.1619489853007936,Likely to stay
Stayed,0.5502662156832592,Likely to churn
Stayed,0.009912018524001321,Likely to stay
Churned,0.6158605557407656,Likely to churn
Churned,0.6704261458343772,Likely to churn
Stayed,0.11161623454139062,Likely to stay
Stayed,0.006909472338431159,Likely to stay
Stayed,0.6933129635575249,Likely to churn
Churned,0.48131159551447616,Likely to stay
Stayed,0.6291826132653291,Likely to churn
Stayed,0.3160726753826675,Likely to stay
Stayed,0.03393986053802092,Likely to stay
Churned,0.5356061101509975,Likely to churn
Churned,0.40551692495651737,Likely to stay
Stayed,0.03148316957792402,Likely to stay
Stayed,0.09611965556567513,Likely to stay
Stayed,0.03841700980599726,Likely to stay
Stayed,0.3728823864672622,Likely to stay
Stayed,0.02300797717940846,Likely to stay
Stayed,0.018824049511520665,Likely to stay
Stayed,0.194968953411914,Likely to stay
Churned,0.6354440979615783,Likely to churn
Stayed,0.14004531358110686,Likely to stay
Churned,0.40483909991509537,Likely to stay
Stayed,0.6188552644216713,Likely to churn
Stayed,0.010794628082444968,Likely to stay
Stayed,0.3116076675745566,Likely to stay
Stayed,0.09015269160499663,Likely to stay
Stayed,0.5353299424572711,Likely to churn
Stayed,0.1807831372018189,Likely to stay
Stayed,0.2972661322450763,Likely to stay
Stayed,0.0023021524681351275,Likely to stay
Stayed,0.011545522206669566,Likely to stay
Stayed,0.38987976380940664,Likely to stay
Stayed,0.17899208194548674,Likely to stay
Stayed,0.6747571121645759,Likely to churn
Stayed,0.5168559035638878,Likely to churn
Stayed,0.19798660602664264,Likely to stay
Churned,0.20613906864547157,Likely to stay
Stayed,0.487759723085054,Likely to stay
Stayed,0.00658804203994481,Likely to stay
Churned,0.08257990579386068,Likely to stay
Stayed,0.06880310172613929,Likely to stay
Stayed,0.10959877637276841,Likely to stay
Stayed,0.004221199056494365,Likely to stay
Stayed,0.13381061847717293,Likely to stay
Stayed,0.14383720199667976,Likely to stay
Stayed,0.01395922701883038,Likely to stay
Stayed,0.3290993938583104,Likely to stay
Churned,0.27983074400101227,Likely to stay
Stayed,0.47084208377972586,Likely to stay
Stayed,0.4341547430469501,Likely to stay
Churned,0.04145445530163934,Likely to stay
Stayed,0.12113949397886736,Likely to stay
Churned,0.20820895807295636,Likely to stay
Churned,0.6001833872986737,Likely to churn
Stayed,0.005090784480107314,Likely to stay
Stayed,0.03391449798891659,Likely to stay
Churned,0.1770386672386633,Likely to stay
Stayed,0.002845209805591703,Likely to stay
Churned,0.5907025929118489,Likely to churn
Stayed,0.043325012104302806,Likely to stay
Churned,0.06775274343317814,Likely to stay
Stayed,0.16293046989721383,Likely to stay
Churned,0.8137447964962682,Likely to churn
Stayed,0.006890961221292011,Likely to stay
Stayed,0.00893331290664466,Likely to stay
Stayed,0.5228756009884027,Likely to churn
Churned,0.7864066739576977,Likely to churn
Stayed,0.13973081414841804,Likely to stay
Stayed,0.002381676421608316,Likely to stay
Stayed,0.10015918836652944,Likely to stay
Stayed,0.5289866754158631,Likely to churn
Churned,0.5996702831524968,Likely to churn
Stayed,0.020625107347466948,Likely to stay
Stayed,0.008259158216940695,Likely to stay
Stayed,0.06235504108545783,Likely to stay
Stayed,0.26453905864968313,Likely to stay
Churned,0.6666768595223492,Likely to churn
Churned,0.21677060006842147,Likely to stay
Stayed,0.11538610224496579,Likely to stay
Stayed,0.2855159416373456,Likely to stay
Stayed,0.0037628197547590883,Likely to stay
Stayed,0.10265055198778983,Likely to stay
Churned,0.41109358349012126,Likely to stay
Stayed,0.05237104686452565,Likely to stay
Stayed,0.007167347503344462,Likely to stay
Stayed,0.3985109826754858,Likely to stay
Stayed,0.40445171884776215,Likely to stay
Churned,0.24105613286495775,Likely to stay
Stayed,0.10614816185732923,Likely to stay
Stayed,0.0022100893040643533,Likely to stay
Stayed,0.07190543932393095,Likely to stay
Stayed,0.4325511433734366,Likely to stay
Churned,0.025553817655335515,Likely to stay
Stayed,0.03781238078312685,Likely to stay
Stayed,0.018848994059288998,Likely to stay
Stayed,0.07744577290215007,Likely to stay
Stayed,0.24586561948691302,Likely to stay
Churned,0.6081160854615985,Likely to churn
Stayed,0.009779275969269339,Likely to stay
Stayed,0.00982837431154532,Likely to stay
Stayed,0.15064396042641795,Likely to stay
Stayed,0.6554459314474639,Likely to churn
Stayed,0.007921377831746089,Likely to stay
Stayed,0.026198888109669,Likely to stay
Stayed,0.08851288648084953,Likely to stay
Stayed,0.06405277981157798,Likely to stay
Stayed,0.41339672745518263,Likely to stay
Churned,0.6422487323704159,Likely to churn
Stayed,0.36162987588152046,Likely to stay
Churned,0.6011637364021275,Likely to churn
Stayed,0.045247600043021176,Likely to stay
Stayed,0.03972505684694699,Likely to stay
Churned,0.7735663383017097,Likely to churn
Stayed,0.3614719561179602,Likely to stay
Stayed,0.009870121896247221,Likely to stay
Churned,0.7446721803001961,Likely to churn
Stayed,0.06353774581980245,Likely to stay
Stayed,0.2596300227501988,Likely to stay
Stayed,0.1432621626254152,Likely to stay
Stayed,0.03951801183961593,Likely to stay
Stayed,0.09041741767682929,Likely to stay
Stayed,0.3052384039833054,Likely to stay
Stayed,0.014952341766999448,Likely to stay
Churned,0.635278474261263,Likely to churn
Stayed,0.4735773184795198,Likely to stay
Stayed,0.004845306497126806,Likely to stay
Stayed,0.019702884458400217,Likely to stay
Stayed,0.34282381658242533,Likely to stay
Churned,0.06882471457903029,Likely to stay
Stayed,0.17620202214022582,Likely to stay
Stayed,0.006675308397413655,Likely to stay
Stayed,0.30932781049265884,Likely to stay
Stayed,0.10815294547031196,Likely to stay
Churned,0.16129232999038168,Likely to stay
Stayed,0.1713530797797177,Likely to stay
Stayed,0.5039128365706627,Likely to churn
Stayed,0.0280290056632798,Likely to stay
Stayed,0.005237313982104205,Likely to stay
Stayed,0.22592460027602898,Likely to stay
Churned,0.7456190157214546,Likely to churn
Stayed,0.011605312126220832,Likely to stay
Stayed,0.004750034285367959,Likely to stay
Churned,0.6019032197935456,Likely to churn
Stayed,0.5892574828483741,Likely to churn
Stayed,0.0014688549019473067,Likely to stay
Stayed,0.006803476518192274,Likely to stay
Stayed,0.35764537002674823,Likely to stay
Stayed,0.4961586362222311,Likely to stay
Churned,0.28724538308323455,Likely to stay
Churned,0.2700587489112751,Likely to stay
Churned,0.5172801158789242,Likely to churn
Stayed,0.17163699397972879,Likely to stay
Stayed,0.0492227099035009,Likely to stay
Stayed,0.04942555764172947,Likely to stay
Stayed,0.028586235972063626,Likely to stay
Stayed,0.7368343466011055,Likely to churn
Stayed,0.12088767378065739,Likely to stay
Stayed,0.1519046009027,Likely to stay
Churned,0.8224461783795526,Likely to churn
Stayed,0.004335448506374871,Likely to stay
Stayed,0.61220421468168,Likely to churn
Stayed,0.21664901499600497,Likely to stay
Stayed,0.01956334619604053,Likely to stay
Stayed,0.04252449093320907,Likely to stay
Stayed,0.6472364353689554,Likely to churn
Churned,0.6890004256601542,Likely to churn
Churned,0.7136721294438284,Likely to churn
Stayed,0.003687577514688831,Likely to stay
Churned,0.5420155163803205,Likely to churn
Stayed,0.17327279375842608,Likely to stay
Stayed,0.5318638606868479,Likely to churn
Stayed,0.538999874978189,Likely to churn
Stayed,0.2925415623357783,Likely to stay
Stayed,0.016043879568710485,Likely to stay
Stayed,0.3566704138105217,Likely to stay
Churned,0.6291559128724029,Likely to churn
Stayed,0.0302760834160051,Likely to stay
Stayed,0.30571774476749247,Likely to stay
Stayed,0.01981802724724351,Likely to stay
Stayed,0.6273097974244877,Likely to churn
Churned,0.6176705169060311,Likely to churn
Churned,0.40331793529211984,Likely to stay
Stayed,0.0034092159669907277,Likely to stay
Churned,0.5782499136159944,Likely to churn
Stayed,0.6293696468069065,Likely to churn
Churned,0.5345208823090799,Likely to churn
Churned,0.48727846081194875,Likely to stay
Stayed,0.07367695773089915,Likely to stay
Churned,0.15967484328746484,Likely to stay
Stayed,0.04237765429083126,Likely to stay
Stayed,0.1853995568316452,Likely to stay
Stayed,0.4887549906732854,Likely to stay
Churned,0.6436076605439321,Likely to churn
Churned,0.2009193330090845,Likely to stay
Stayed,0.011859059717875483,Likely to stay
Churned,0.6281604238506396,Likely to churn
Stayed,0.009239003798198728,Likely to stay
Churned,0.6463083326814265,Likely to churn
Churned,0.5087478957257684,Likely to churn
Stayed,0.0712757538836796,Likely to stay
Stayed,0.12480660853581566,Likely to stay
Stayed,0.023661381536189637,Likely to stay
Churned,0.6108284604325763,Likely to churn
Stayed,0.03765082316745568,Likely to stay
Churned,0.6899836983165245,Likely to churn
Churned,0.6725285198185457,Likely to churn
Churned,0.31921853753429014,Likely to stay
Churned,0.5227022068148701,Likely to churn
Stayed,0.4326758729233724,Likely to stay
Stayed,0.16961773661793686,Likely to stay
Churned,0.5983856737558689,Likely to churn
Churned,0.3157035065303894,Likely to stay
Stayed,0.16511125999570783,Likely to stay
Stayed,0.4403517744976633,Likely to stay
Stayed,0.013722872624877445,Likely to stay
Stayed,0.06642476402158219,Likely to stay
Stayed,0.18367058652385138,Likely to stay
Stayed,0.0087444083351515,Likely to stay
Stayed,0.0028655711077295587,Likely to stay
Stayed,0.19303992814711513,Likely to stay
Churned,0.4683041098275375,Likely to stay
Stayed,0.04016828665014331,Likely to stay
Churned,0.7165851009785894,Likely to churn
Stayed,0.5985269583913831,Likely to churn
Stayed,0.08800936236133902,Likely to stay
Stayed,0.20403732692802215,Likely to stay
Stayed,0.03992217010452908,Likely to stay
Churned,0.8474279131806651,Likely to churn
Stayed,0.25362404968246743,Likely to stay
Churned,0.5546593477123035,Likely to churn
Stayed,0.2098294348118979,Likely to stay
Stayed,0.002740806352302197,Likely to stay
Churned,0.25063988212390964,Likely to stay
Stayed,0.01499332857261348,Likely to stay
Churned,0.5343611773207194,Likely to churn
Stayed,0.009812282646913393,Likely to stay
Stayed,0.41094579274992765,Likely to stay
Stayed,0.45147192189842783,Likely to stay
Stayed,0.0048797736577787494,Likely to stay
Stayed,0.3114312190395955,Likely to stay
Stayed,0.36101081520948897,Likely to stay
Stayed,0.030804236840678817,Likely to stay
Stayed,0.27241749586011643,Likely to stay
Churned,0.6859414387033128,Likely to churn
Stayed,0.6639002997439711,Likely to churn
Stayed,0.014864706120500665,Likely to stay
Churned,0.2865686295368134,Likely to stay
Churned,0.7543971227596104,Likely to churn
Stayed,0.08727620277503306,Likely to stay
Stayed,0.34485958437198483,Likely to stay
Stayed,0.026665777340792132,Likely to stay
Churned,0.20659772391823006,Likely to stay
Stayed,0.05572766582258844,Likely to stay
Stayed,0.22600743611662627,Likely to stay
Stayed,0.09071706781300973,Likely to stay
Stayed,0.54507687983915,Likely to churn
Stayed,0.24235535406820471,Likely to stay
Churned,0.6798884416208926,Likely to churn
Stayed,0.19803459969674214,Likely to stay
Stayed,0.010840637477603093,Likely to stay
Stayed,0.10499135220088851,Likely to stay
Stayed,0.12147620216634829,Likely to stay
Churned,0.0918118597329235,Likely to stay
Churned,0.46977383128827505,Likely to stay
Stayed,0.16084079461280545,Likely to stay
Stayed,0.09998901618986104,Likely to stay
Stayed,0.002020174329626175,Likely to stay
Churned,0.5236290463578129,Likely to churn
Churned,0.5390156914547672,Likely to churn
Churned,0.3750645874005672,Likely to stay
Churned,0.5426212823600686,Likely to churn
Stayed,0.0161086317777722,Likely to stay
Stayed,0.03781213569258029,Likely to stay
Stayed,0.045520879033003926,Likely to stay
Churned,0.6926077113347041,Likely to churn
Churned,0.5207370673855546,Likely to churn
Stayed,0.20883318597648134,Likely to stay
Stayed,0.005374499939588888,Likely to stay
Stayed,0.5958837939571981,Likely to churn
Churned,0.004567451820801534,Likely to stay
Stayed,0.29712559938576927,Likely to stay
Stayed,0.012020641223018462,Likely to stay
Churned,0.5565520802047241,Likely to churn
Stayed,0.03252499662780853,Likely to stay
Stayed,0.08529391968139408,Likely to stay
Stayed,0.15020434816617131,Likely to stay
Stayed,0.12100164839276349,Likely to stay
Stayed,0.0028657111074408517,Likely to stay
Stayed,0.5452844799286516,Likely to churn
Stayed,0.004331399300865798,Likely to stay
Stayed,0.6243885912464465,Likely to churn
Stayed,0.18202088355472282,Likely to stay
Stayed,0.2960790179032385,Likely to stay
Churned,0.23212829932602103,Likely to stay
Stayed,0.010021303708586234,Likely to stay
Stayed,0.002664135564552014,Likely to stay
Churned,0.5356861361413185,Likely to churn
Stayed,0.003445706895756198,Likely to stay
Churned,0.6949427181810096,Likely to churn
Stayed,0.382739726980862,Likely to stay
Churned,0.034568784972624396,Likely to stay
Stayed,0.46146057999209333,Likely to stay
Stayed,0.11651182105822955,Likely to stay
Churned,0.5516700234885644,Likely to churn
Stayed,0.16565044962093245,Likely to stay
Churned,0.0749001378875557,Likely to stay
Stayed,0.22160687591852435,Likely to stay
Stayed,0.014527837559816075,Likely to stay
Stayed,0.6733933534706433,Likely to churn
Stayed,0.17465967941638713,Likely to stay
Stayed,0.17529261364800375,Likely to stay
Stayed,0.4338103825679111,Likely to stay
Stayed,0.20890231626615935,Likely to stay
Churned,0.31867329103272407,Likely to stay
Stayed,0.07775864828468074,Likely to stay
Stayed,0.24992365886854037,Likely to stay
Churned,0.4499037326015064,Likely to stay
Stayed,0.12446039216072889,Likely to stay
Stayed,0.021275921998631646,Likely to stay
Stayed,0.7055388249143477,Likely to churn
Churned,0.7277376273216372,Likely to churn
Stayed,0.18099959515278619,Likely to stay
Churned,0.5746212306668662,Likely to churn
Churned,0.677193835590072,Likely to churn
Stayed,0.0022302168639780277,Likely to stay
Stayed,0.33605846470307055,Likely to stay
Stayed,0.043130211443550136,Likely to stay
Stayed,0.015337972332315866,Likely to stay
Stayed,0.39765235915536684,Likely to stay
Stayed,0.2375784430137702,Likely to stay
Churned,0.2787446292315977,Likely to stay
Stayed,0.06018476525795123,Likely to stay
Churned,0.8171074834993783,Likely to churn
Stayed,0.6723186783147012,Likely to churn
Churned,0.6422609541369849,Likely to churn
Churned,0.6732042300348613,Likely to churn
Stayed,0.1255033394732809,Likely to stay
Stayed,0.00704913318118904,Likely to stay
Churned,0.6721997571694661,Likely to churn
Stayed,0.786406894018007,Likely to churn
Stayed,0.1912830129960326,Likely to stay
Stayed,0.5603661714553841,Likely to churn
Stayed,0.03755845929374621,Likely to stay
Stayed,0.5377086667052332,Likely to churn
Stayed,0.11547894500824267,Likely to stay
Stayed,0.20758974297700175,Likely to stay
Churned,0.5677715645810313,Likely to churn
Stayed,0.4218972635805085,Likely to stay
Stayed,0.2478323868238853,Likely to stay
Stayed,0.2092771041397122,Likely to stay
Stayed,0.37875814193353236,Likely to stay
Stayed,0.07193374125435929,Likely to stay
Stayed,0.06677360060724476,Likely to stay
Stayed,0.22488319691300115,Likely to stay
Stayed,0.013432408630218228,Likely to stay
Stayed,0.2971228706141127,Likely to stay
Stayed,0.008140826593760588,Likely to stay
Stayed,0.2030456789307768,Likely to stay
Stayed,0.11069446981158693,Likely to stay
Churned,0.6156807108736265,Likely to churn
Stayed,0.024321355300795492,Likely to stay
Stayed,0.06885962601541207,Likely to stay
Stayed,0.025506655116758797,Likely to stay
Churned,0.7969313576739034,Likely to churn
Stayed,0.037188358312274135,Likely to stay
Churned,0.14587422946121,Likely to stay
Stayed,0.32207118761262366,Likely to stay
Churned,0.6880204366474686,Likely to churn
Stayed,0.04047029899691564,Likely to stay
Stayed,0.004626918770532713,Likely to stay
Stayed,0.0029683722580458394,Likely to stay
Stayed,0.22484395144717972,Likely to stay
Churned,0.23350083103280755,Likely to stay
Stayed,0.3916094391281103,Likely to stay
Stayed,0.21451507335460493,Likely to stay
Stayed,0.016273510926134382,Likely to stay
Stayed,0.09347586991024595,Likely to stay
Churned,0.7178368326735344,Likely to churn
Churned,0.6159281207723941,Likely to churn
Stayed,0.08894235555573383,Likely to stay
Stayed,0.0144879218409516,Likely to stay
Stayed,0.03035653532375085,Likely to stay
Churned,0.025117734215792987,Likely to stay
Churned,0.6882475028945286,Likely to churn
Stayed,0.16820421589892573,Likely to stay
Stayed,0.13393511387273613,Likely to stay
Stayed,0.5600887004251388,Likely to churn
Stayed,0.34728910272380775,Likely to stay
Stayed,0.34242549169960407,Likely to stay
Churned,0.6258526634270372,Likely to churn
Churned,0.1385603580104209,Likely to stay
Stayed,0.04405749222396024,Likely to stay
Stayed,0.28200388956915445,Likely to stay
Stayed,0.009269771851131944,Likely to stay
Stayed,0.32812078449404664,Likely to stay
Churned,0.5046600807812927,Likely to churn
Stayed,0.2781156226825441,Likely to stay
Stayed,0.2674707656158439,Likely to stay
Stayed,0.01677927220775833,Likely to stay
Stayed,0.0030390096620011163,Likely to stay
Stayed,0.4782609278956627,Likely to stay
Stayed,0.32177729832732876,Likely to stay
Stayed,0.2485028297156524,Likely to stay
Stayed,0.012061303770284955,Likely to stay
Churned,0.7248922395732871,Likely to churn
Stayed,0.6146254111768218,Likely to churn
Stayed,0.5568107829224719,Likely to churn
Stayed,0.008859413331313345,Likely to stay
Churned,0.5022227621999176,Likely to churn
Stayed,0.60774272566199,Likely to churn
Stayed,0.03630298730149774,Likely to stay
Stayed,0.3141056366786005,Likely to stay
Stayed,0.3773325962058912,Likely to stay
Stayed,0.7443202049217215,Likely to churn
Stayed,0.6283310929818888,Likely to churn
Churned,0.5038492428095991,Likely to churn
Churned,0.7855239525715992,Likely to churn
Stayed,0.08377109173906282,Likely to stay
Stayed,0.5025993095627768,Likely to churn
Churned,0.32641645099634486,Likely to stay
Churned,0.1780546637451308,Likely to stay
Churned,0.40394851504797163,Likely to stay
Stayed,0.0019373877386915266,Likely to stay
Stayed,0.07132871893626556,Likely to stay
Stayed,0.18792766874085276,Likely to stay
Stayed,0.0035286310527413785,Likely to stay
Stayed,0.23779670209337248,Likely to stay
Stayed,0.04781645440748638,Likely to stay
Stayed,0.4246416977408506,Likely to stay
Churned,0.6555248881262984,Likely to churn
Stayed,0.023139736137828302,Likely to stay
Stayed,0.01425416087726505,Likely to stay
Stayed,0.13717453050827758,Likely to stay
Stayed,0.10360719033155329,Likely to stay
Churned,0.7141520005473141,Likely to churn
Stayed,0.028453518949898216,Likely to stay
Stayed,0.5908191181795989,Likely to churn
Stayed,0.0534672376560599,Likely to stay
Stayed,0.0664550818886467,Likely to stay
Stayed,0.2566803262374377,Likely to stay
Churned,0.7416518102715056,Likely to churn
Stayed,0.08643262839827225,Likely to stay
Stayed,0.011636195520107117,Likely to stay
Stayed,0.02690649627472289,Likely to stay
Stayed,0.03417699055740874,Likely to stay
Stayed,0.14716995249984058,Likely to stay
Stayed,0.031747917601814155,Likely to stay
Stayed,0.22661182502231417,Likely to stay
Stayed,0.0018186170306999491,Likely to stay
Stayed,0.11945542871129945,Likely to stay
Churned,0.6957439605775809,Likely to churn
Stayed,0.026862048428221923,Likely to stay
Stayed,0.045510325122886934,Likely to stay
Stayed,0.5689909383723204,Likely to churn
Churned,0.8112634190082585,Likely to churn
Stayed,0.15211027542719605,Likely to stay
Stayed,0.18658190302354277,Likely to stay
Stayed,0.004742636252510392,Likely to stay
Stayed,0.12248334008906551,Likely to stay
Churned,0.5781738072720403,Likely to churn
Stayed,0.0046211029173850934,Likely to stay
Stayed,0.5467633489391108,Likely to churn
Stayed,0.04026234219551607,Likely to stay
Stayed,0.018239539212162214,Likely to stay
Stayed,0.01908258818939495,Likely to stay
Stayed,0.22340364147122854,Likely to stay
Stayed,0.05461023627083485,Likely to stay
Stayed,0.2646517926839819,Likely to stay
Stayed,0.030034159614651612,Likely to stay
Stayed,0.01748274566980874,Likely to stay
Churned,0.7802794527865763,Likely to churn
Stayed,0.035889496992701504,Likely to stay
Stayed,0.11755568583148157,Likely to stay
Stayed,0.2634609837381151,Likely to stay
Stayed,0.001607430325810772,Likely to stay
Stayed,0.02986886143222184,Likely to stay
Stayed,0.7520435712622804,Likely to churn
Stayed,0.004469629114361191,Likely to stay
Churned,0.5065276907569042,Likely to churn
Stayed,0.24972163391090582,Likely to stay
Stayed,0.3155377717848698,Likely to stay
Stayed,0.13825445622649607,Likely to stay
Stayed,0.1307601018251078,Likely to stay
Stayed,0.024799046858414817,Likely to stay
Stayed,0.004386228799641651,Likely to stay
